URL : https://apps.honors.uic.edu/Fellows/current-fellows.php
    First Name Last Name Department College Address Mail Code Email Address  1 Susan Poser Provost 2832 UH 105 sposer@uic.edu  2 Robert Barish Vice Chancellor 101 MCA 973 rbarish@uic.edu  3 Susan Farruggia Vice Provost for Undergraduate Affairs 2704 UH 103 spf@uic.edu  4 Tom Moss Vice Provost for Undergraduate Affairs 2718 UH 103 tommoss@uic.edu  5 Tiana Kieso Administration Applied Health Sciences 516 AHSB 528 tkieso1@uic.edu  6 Jessie Chin Biomedical and Health Information Sciences Applied Health Sciences 264 AHSB 530 chin5@uic.edu  7 Margaret Czart Biomedical and Health Information Sciences Applied Health Sciences 250 AHSB 530 mczart1@uic.edu  8 Spyros Kitsiou Biomedical and Health Information Sciences Applied Health Sciences 205 AHSB 530 skitsiou@uic.edu  9 Karen Patena Biomedical and Health Information Sciences Applied Health Sciences 250 AHSB 530 patena@uic.edu  10 Eric Swirsky Biomedical and Health Information Sciences Applied Health Sciences 250 AHSB 530 eswir@uic.edu  11 Felecia Williams Biomedical and Health Information Sciences Applied Health Sciences 260 AHSB 530 feleciaw@uic.edu  12 Ashley Hughes Biomedical and Health Information Sciences Applied Health Sciences AHSB 530 amhughes@uic.edu  13 Fabricio Balcazar Disability and Human Development Applied Health Sciences 442 DHSP 626 fabricio@uic.edu  14 Kate Caldwell Disability and Human Development Applied Health Sciences 538 DHSP 626 kcaldw3@uic.edu  15 Brian Grossman Disability and Human Development Applied Health Sciences 712 DHSP 626 brg@uic.edu  16 Alyson Patsavas Disability and Human Development Applied Health Sciences 211a DHSP 626 apatsa2@uic.edu  17 Lieke van Heumen Disability and Human Development Applied Health Sciences lvheumen@uic.edu/  18 Tracy Baynard Kinesiology and Nutrition Applied Health Sciences 527 AHSB 517 tbaynard@uic.edu  19 Abbey Breckling Kinesiology and Nutrition Applied Health Sciences 337 PEB 194 abreck2@uic.edu  20 John Coumbe'lilley Kinesiology and Nutrition Applied Health Sciences 344 PEB 194 jcoumb1@uic.edu  21 Giamila Fantuzzi Kinesiology and Nutrition Applied Health Sciences 506H AHSB 517 giamila@uic.edu  22 Mark Grabiner Kinesiology and Nutrition Applied Health Sciences 648 CME 994 grabiner@uic.edu  23 Karrie Hamstra-Wright Kinesiology and Nutrition Applied Health Sciences 344 PEB 194 khamst1@uic.edu  24 Craig Horswill Kinesiology and Nutrition Applied Health Sciences 343 PEB 194 horswill@uic.edu  25 Timothy Koh Kinesiology and Nutrition Applied Health Sciences 529 AHBS 994 tjkoh@uic.edu  26 Angela Kong Kinesiology and Nutrition Applied Health Sciences 506F AHSB 517 akong@uic.edu  27 David Marquez Kinesiology and Nutrition Applied Health Sciences 625 AHSB 517 marquezd@uic.edu  28 Angela Odoms-Young Kinesiology and Nutrition Applied Health Sciences 650 AHSB 517 odmyoung@uic.edu  29 Shayna Oshita Kinesiology and Nutrition Applied Health Sciences 502C AHSB 517 soshit2@uic.edu  30 Andrew Sawers Kinesiology and Nutrition Applied Health Sciences 502A AHSB 517 asawers@uic.edu  31 Gail Fisher Occupational Therapy Applied Health Sciences 317A AHSB 811 gfisher@uic.edu  32 Leah Goodman Occupational Therapy Applied Health Sciences 307 AHSB 811 lgoodm2@uic.edu  33 Celeste Januszewski Occupational Therapy Applied Health Sciences 329 AHSB 811 celestej@uic.edu  34 Mary Khetani Occupational Therapy Applied Health Sciences 316A AHSB 811 mkhetani@uic.edu  35 Susan Magasi Occupational Therapy Applied Health Sciences 327 AHSB 811 smagas1@uic.edu  36 Yolanda Suarez-Balcazar Occupational Therapy Applied Health Sciences 354 AHSB 811 ysuarez@uic.edu  37 Renee Taylor Occupational Therapy Applied Health Sciences 322 AHSB 811 rtaylor@uic.edu  38 Tanvi Bhatt Physical Therapy Applied Health Sciences 729 AHSB 898 tbhatt6@uic.edu  39 Michelle Bulanda Physical Therapy Applied Health Sciences 443 AHSB 898 mbulanda@uic.edu  40 Demetra John Physical Therapy Applied Health Sciences 167 CMET 518 demetra@uic.edu  41 Aaron Keil Physical Therapy Applied Health Sciences 336 DHSP 887 akeil123@uic.edu  42 Sangeetha Madhavan Physical Therapy Applied Health Sciences 447 AHSB 898 smadhava@uic.edu  43 Cemal Ozemek Physical Therapy Applied Health Sciences 308A DHSP ozemek@uic.edu  44 Shane Phillips Physical Therapy Applied Health Sciences 506D AHSB 898 shanep@uic.edu  45 Kelly Bair Architecture Architecture, Design, and the Arts 3100 ADS 030 kbair@uic.edu  46 David Brown Architecture Architecture, Design, and the Arts 3100 ADS 030 dpb@uic.edu  47 Judith De Jong Architecture Architecture, Design, and the Arts 3100 ADS 030 jdejong@uic.edu  48 Sarah Dunn Architecture Architecture, Design, and the Arts 3100 ADS 030 sedunn@uic.edu  49 Alexander Eisenschmidt Architecture Architecture, Design, and the Arts 3100 ADS 030 aeisensc@uic.edu  50 Paul Preissner Architecture Architecture, Design, and the Arts 3100 ADS 030 ppreiss@uic.edu  51 Beate Geissler Art Architecture, Design, and the Arts 106 JH 036 beate@uic.edu  52 Silvia Malagrino Art Architecture, Design, and the Arts 106 JH 036 libraes@uic.edu  53 Matthew Metzger Art Architecture, Design, and the Arts 106 JH 036 matmetz@uic.edu  54 Jennifer Reeder Art Architecture, Design, and the Arts 106 JH 036 reederj@uic.edu  55 Omur Harmansah Art History Architecture, Design, and the Arts 211B HH 201 omur@uic.edu  56 Hannah Higgins Art History Architecture, Design, and the Arts 305 HH 201 higgins@uic.edu  57 Martha Pollak Art History Architecture, Design, and the Arts 202A HH 201 mpollak@uic.edu  58 Therese Quinn Art History Architecture, Design, and the Arts 206 HH 201 thereseq@uic.edu  59 Linda Bracamontes-roeger Design Architecture, Design, and the Arts 106 JH 036 lindabr@uic.edu  60 Philip Burton Design Architecture, Design, and the Arts 106 JH 036 pcburton@uic.edu  61 Meghan Ferrill Design Architecture, Design, and the Arts 106 JH 036 mferrill@uic.edu  62 Sung Jang Design Architecture, Design, and the Arts sungjang@uic.edu  63 Stephen Melamed Design Architecture, Design, and the Arts 106 JH 036 melamed@uic.edu  64 Kimberlee Wilkens Industrial Design Architecture, Design, and the Arts 106 JH 36 harteliu@uic.edu  65 John Behling Music Architecture, Design, and the Arts L017 ETMSW 255 behlingj@uic.edu  66 Ruth Rosenberg Music Architecture, Design, and the Arts L042 ETMSW 255 rrose76@uic.edu  67 Cheryl Wilson Music Architecture, Design, and the Arts L017 ETMSW 255 wilsonc@uic.edu  68 Jason Martin Theatre Architecture, Design, and the Arts L250 ETMSW 255 jkmartin@uic.edu  69 Derrick Sanders Theatre Architecture, Design, and the Arts L404 EPASW 255 sandersd@uic.edu  70 Rachelle Tsachor Theatre Architecture, Design, and the Arts L424 ETMSW 255 rtsachor@uic.edu  71 Daniel Hogan Managerial Studies Business 2245 UH 243 dhogan6@uic.edu  72 Alan Malter Managerial Studies Business 2221 UH 243 amalter@uic.edu  73 Sudhakar Balachandran Accounting Business Administration 2310 UH 006 sidbala@uic.edu  74 Somnath Das Accounting Business Administration 2313 UH 006 sdas@uic.edu  75 Ellen Engel Accounting Business Administration 2309 UH 006 elleneng@uic.edu  76 Abel Galvan Accounting Business Administration 2319 UH 006 galvan@uic.edu  77 Michael Kirschenheiter Accounting Business Administration 2309 UH 006 mkirsche@uic.edu  78 Siyi Li Accounting Business Administration 2325 UH 006 siyili@uic.edu  79 Melissa Martin Accounting Business Administration 2321 UH 006 mamarti@uic.edu  80 Shailendra Pandit Accounting Business Administration 2323 UH 006 shail@uic.edu  81 Ram Ramakrishnan Accounting Business Administration 2300 UH 006 rramakri@uic.edu  82 Yehia Salama Accounting Business Administration 2312 UH 006 ysalama@uic.edu  83 Sankar Acharya Finance Business Administration 2412 UH 168 sacharya@uic.edu  84 Ozgur Arslan Ayaydin Finance Business Administration 2129 UH 168 orslan@uic.edu  85 Gilbert Bassett Finance Business Administration 2433 UH 168 gib@uic.edu  86 Andriy Bodnaruk Finance Business Administration 2421 UH 168 bodnaruk@uic.edu  87 Oleg Bondarenko Finance Business Administration 2419 UH 168 olegb@uic.edu  88 Hsiu-Lang Chen Finance Business Administration 2425 UH 168 hsiulang@uic.edu  89 Robert Chirinko Finance Business Administration 2333 UH 168 chirinko@uic.edu  90 Lingjie Ma Finance Business Administration 2322 UH 168 lingma1@uic.edu  91 William O'Brien Finance Business Administration 2424 UH 168 obrienw@uic.edu  92 Lan Zhang Finance Business Administration 2430 UH 168 lanzhang@uic.edu  93 Siddhartha Bhattacharyya Information and Decision Sciences Business Administration 2408 UH 294 sidb@uic.edu  94 Kyle Cheek Information and Decision Sciences Business Administration 2421 UH 294 kdcheek@uic.edu  95 Doug Lundquist Information and Decision Sciences Business Administration 2424 UH 294 dlundq1@uic.edu  96 Richard Potter Information and Decision Sciences Business Administration 2415 UH 294 rpotter@uic.edu  97 Theja Tulabandhula Information and Decision Sciences Business Administration 2404 UH 294 theja@uic.edu  98 Mary  Beth Watson-Manheim Information and Decision Sciences Business Administration 2426 UH 294 mbwm@uic.edu  99 James Cooper Managerial Studies Business Administration 2328 UH 243 jcoop1@uic.edu  100 Sajna Ibrahim Managerial Studies Business Administration 2213 UH 243 sajna@uic.edu  101 John Lynch Managerial Studies Business Administration 2205 UH 243 jwlynch@uic.edu  102 Michael Miller Managerial Studies Business Administration 2219 UH 243 millerm@uic.edu  103 Kim Moon Managerial Studies Business Administration 2222 UH 243 kimmoon@uic.edu  104 Anthony Pagano Managerial Studies Business Administration 2218 UH 243 amp@uic.edu  105 Steve Sauerwald Managerial Studies Business Administration 2210 UH 243 ssauerw@uic.edu  106 Elina Yihui Tang Managerial Studies Business Administration 2208 UH 243 etang@uic.edu  107 Peter Thompson Managerial Studies Business Administration 2220 UH 243 pthomp1@uic.edu  108 Sandra Wayne Managerial Studies Business Administration 2233 UH 243 sjwayne@uic.edu  109 Jeffrey Parker Marketing Business Administration 2228 UH 243 jeff@uic.edu  110 Satish Alapati Endodontics Dentistry 236B DENT 642 salapati@uic.edu  111 Rhonna Cohen Molecular Biology of Oral Diseases Dentistry 530E DENT 860 rcohen@uic.edu  112 David Reed Oral Biology Dentistry 436B DENT 690 reedd@uic.edu  113 Blase Brown Oral Medicine and Diagnostic Sciences Dentistry 350 DENT 555 bpbrown@uic.edu  114 Phimon Atsawasuwan Orthodontics Dentistry 109E DENT 841 patsawas@uic.edu  115 Christina Nicholas Orthodontics Dentistry DENT clnichol@uic.edu  116 Shahrbanoo Fadavi Pediatric Dentistry Dentistry 269 DENT 850 sfadavi@uic.edu  117 Darryl Pendleton Pediatric Dentistry Dentistry 104 DENT 621 dpendle@uic.edu  118 Indru Punwani Pediatric Dentistry Dentistry 530D DENT 850 ipunwani@uic.edu  119 Sheela Raja Pediatric Dentistry Dentistry 304A DENT 850 sraja1@uic.edu  120 Patrick Smith Pediatric Dentistry Dentistry 102GC DENT 621 psmith26@uic.edu  121 Christine Wu Pediatric Dentistry Dentistry 469J DENT 850 chriswu@uic.edu  122 Luisa Dipietro Periodontics Dentistry 452 DENT 859 ldipiet@uic.edu  123 Ana Bedran-Russo Restorative Dentistry Dentistry 531A DENT 555 bedran@uic.edu  124 Farhad Fayz Restorative Dentistry Dentistry 502ADENT 555 fayz@uic.edu  125 Danny Bernard Martin Curriculum and Instruction Education 3436 ETMSW 147 dbmartin@uic.edu  126 Paola Zitlali Morales Curriculum and Instruction Education 3234 ETMSW 147 zitlali@uic.edu  127 Maria Varelas Curriculum and Instruction Education 3513 ETMSW 147 mvarelas@uic.edu  128 Nicole Nguyen Educational Policy Studies Education 3406 ETMSW 147 nguyenn@uic.edu  129 Benjamin Superfine Educational Policy Studies Education 1208 ETMSW 147 bsuperfi@uic.edu  130 Michelle Parker-Katz Special Education Education 3412 ETMSW 147 mparker@uic.edu  131 Marie Tejero Hughes Special Education Education 3432 ETMSW 147 marieth@uic.edu  132 Raymond Curry Medicine Educational Affairs curryrh@uic.edu  133 David Eddington Bioengineering Engineering 211 SEO 063 dte@uic.edu  134 Anthony Felder Bioengineering Engineering 208 SEO 063 afelde2@uic.edu  135 John Hetling Bioengineering Engineering 232 SEO 063 jhetli1@uic.edu  136 Dieter Klatt Bioengineering Engineering 110B NMRL 563 dklatt@uic.edu  137 Miiri Kotche Bioengineering Engineering 233 SEO 063 mkotch2@uic.edu  138 Jie Liang Bioengineering Engineering 164J CSN 563 jliang@uic.edu  139 Andreas Linninger Bioengineering Engineering 206 SEO 063 linninge@uic.edu  140 Richard Magin Bioengineering Engineering 212 SEO 063 rmagin@uic.edu  141 Thomas Royston Bioengineering Engineering 212 SEO 063 troyston@uic.edu  142 Tolou Shokuhfar Bioengineering Engineering 202 SEO 063 tolou@uic.edu  143 Vikas Berry Chemical Engineering Engineering 124 CEB 110 vikasb@uic.edu  144 Ying Liu Chemical Engineering Engineering CEB 211 110 liuying@uic.edu  145 Ludwig Nitsche Chemical Engineering Engineering 206 CEB 110 lcn@uic.edu  146 Lewis Wedgewood Chemical Engineering Engineering 207 CEB 110 wedge@uic.edu  147 Sybil Derrible Civil & Materials Engineering Engineering 2071 ERF 246 derrible@uic.edu  148 Didem Ozevin Civil & Materials Engineering Engineering 3073 ERF 246 dozevin@uic.edu  149 Krishna Reddy Civil & Materials Engineering Engineering 2091 ERF 246 kreddy@uic.edu  150 Joseph Schulenberg Civil & Materials Engineering Engineering 2075 ERF 246 schulenj@uic.edu  151 Bo Zou Civil & Materials Engineering Engineering 2073 ERF 246 bzou@uic.edu  152 Matt Daly Civil and Materials Engineering Engineering 3089 ERF 246 mattdaly@uic.edu  153 Tanya Berger-Wolf Computer Science Engineering 3028 ERF 152 tanyabw@uic.edu  154 Cornelia Caragea Computer Science Engineering 3190 LIB 152 cornelia@uic.edu  155 Bhaskar DasGupta Computer Science Engineering 933 SEO 152 bdasgup@uic.edu  156 Barbara Di Eugenio Computer Science Engineering 916 SEO 152 bdieugen@uic.edu  157 Jakob Eriksson Computer Science Engineering 2054 ERF 152 jakob@uic.edu  158 Joseph Hummel Computer Science Engineering 908 SEO 152 jhummel2@uic.edu  159 Andrew Johnson Computer Science Engineering 2032 ERF 152 ajohnson@uic.edu  160 Chris Kanich Computer Science Engineering 1220 SEO 152 ckanich@uic.edu  161 John Lillis Computer Science Engineering 936 SEO 152 Lillis@uic.edu  162 Georgeta-Elisabeta Marai Computer Science Engineering 2032A ERF 152 gmarai@uic.edu  163 Dale Reed Computer Science Engineering 917 SEO 152 reed@uic.edu  164 Anastasios Sidiropoulos Computer Science Engineering 1240 SEO 152 sidiropo@uic.edu  165 Robert Sloan Computer Science Engineering 1112 SEO 152 sloan@uic.edu  166 Mitchell Theys Computer Science Engineering 941 SEO 152 mtheys@uic.edu  167 Xingbo Wu Computer Science Engineering 1338 SEO 152 wuxb@uic.edu  168 Vahe Caliskan Electrical and Computer Engineering Engineering 1023 SEO 154 vahe@uic.edu  169 Natasha Devroye Electrical and Computer Engineering Engineering 1039 SEO 154 devroye@uic.edu  170 Danilo Erricolo Electrical and Computer Engineering Engineering 1111 SEO 154 derric1@uic.edu  171 Sudip Mazumder Electrical and Computer Engineering Engineering 3013 ERF 154 mazumder@uic.edu  172 Milos Zefran Electrical and Computer Engineering Engineering 1041 SEO 154 mzefran@uic.edu  173 Houshang Darabi Industrial Engineering Engineering 2055 ERF 251 hdarabi@uic.edu  174 Mengqi Hu Industrial Engineering Engineering 3023 ERF 251 mhu@uic.edu  175 Lin Li Industrial Engineering Engineering 3057 ERF 251 linli@uic.edu  176 Quintin Williams Industrial Engineering Engineering 3059 ERF 251 qwilli1@uic.edu  177 Thomas Theis Institute for Environmental Science & Policy Engineering 530 SPHW 673 theist@uic.edu  178 Jeremiah Abiade Mechanical and Industrial Engineering Engineering 3049 ERF 251 jta@uic.edu  179 Max Berniker Mechanical and Industrial Engineering Engineering 2023 ERF 251 mbernike@uic.edu  180 Carmen Lilley Mechanical and Industrial Engineering Engineering 3031 ERF 251 clilley@uic.edu  181 Constantine Megaridis Mechanical and Industrial Engineering Engineering 3035 ERF 251 cmm@uic.edu  182 William Ryan Mechanical and Industrial Engineering Engineering 3053 ERF 251 wryan@uic.edu  183 Reza Shahbazian-Yassar Mechanical and Industrial Engineering Engineering 3037 ERF 273 rsyassar@uic.edu  184 Yeow Siow Mechanical and Industrial Engineering Engineering 3033 ERF 251 yeowsiow@uic.edu  185 Jamison Szwalek Mechanical and Industrial Engineering Engineering 3047 ERF 251 jszwalek@uic.edu  186 Jie Xu Mechanical and Industrial Engineering Engineering 3051 ERF 251 jiexu@uic.edu  187 Natasha Barnes African American Studies Liberal Arts and Sciences 1207 UH 069 nbbarnes@uic.edu  188 Cynthia Blair African American Studies Liberal Arts and Sciences 1231 UH 069 cmblair@uic.edu  189 Johari Jabir African American Studies Liberal Arts and Sciences 1203 UH 069 jjabir@uic.edu  190 Lynette Jackson African American Studies Liberal Arts and Sciences 1230 UH 360 lajackso@uic.edu  191 Jane Rhodes African American Studies Liberal Arts and Sciences 1231 UH 069 rhodesj@uic.edu  192 Beth Richie African American Studies Liberal Arts and Sciences 1231 UH 069 brichie@uic.edu  193 Tarini Bedi Anthropology Liberal Arts and Sciences 2102 BSB 027 tbedi@uic.edu  194 Molly Doane Anthropology Liberal Arts and Sciences 3148C BSB 027 mdoane@uic.edu  195 Mitchel Hendrickson Anthropology Liberal Arts and Sciences 2012 BSB 027 mjhend@uic.edu  196 Laura Junker Anthropology Liberal Arts and Sciences 2138B BSB 027 ljunker@uic.edu  197 William Parkinson Anthropology Liberal Arts and Sciences wparkins@uic.edu  198 Anna Roosevelt Anthropology Liberal Arts and Sciences 3110-B BSB 027 amazonla@uic.edu  199 Sloan Williams Anthropology Liberal Arts and Sciences 3128C BSB 027 sloanw@uic.edu  200 Som Ale Biological Sciences Liberal Arts and Sciences 3358 SES 066 sale1@uic.edu  201 Aixa Alfonso Biological Sciences Liberal Arts and Sciences 3067 SEL 067 aalfonso@uic.edu  202 Chieh Chang Biological Sciences Liberal Arts and Sciences 4072 MBRB 567 chiehc@uic.edu  203 Chiou-Fen Chuang Biological Sciences Liberal Arts and Sciences 4070 MBRB 567 chioufen@uic.edu  204 Ronald Dubreuil Biological Sciences Liberal Arts and Sciences 4152 MBRB 567 ron@uic.edu  205 Liang-wei Gong Biological Sciences Liberal Arts and Sciences 4296 SEL 067 lwgong@uic.edu  206 Miguel Gonzalez-Meler Biological Sciences Liberal Arts and Sciences 3338 SES 066 mmeler@uic.edu  207 Henry Howe Biological Sciences Liberal Arts and Sciences 3460 SES 066 hfhowe@uic.edu  208 Boris Igic Biological Sciences Liberal Arts and Sciences SEL 4085 067 boris@uic.edu  209 Jeremy Lynch Biological Sciences Liberal Arts and Sciences 4020 MBRB 567 jlynch42@uic.edu  210 Robert Paul Malchow Biological Sciences Liberal Arts and Sciences 4083 SEL 067 paulmalc@uic.edu  211 Suzanne McCutcheon Biological Sciences Liberal Arts and Sciences 3050 SEL 067 suzanne@uic.edu  212 Emily Minor Biological Sciences Liberal Arts and Sciences 3346 SES 066 eminor@uic.edu  213 Alan Molumby Biological Sciences Liberal Arts and Sciences 3084 SELE 067 molumby@uic.edu  214 Donald Morrison Biological Sciences Liberal Arts and Sciences 4102 MBRB 567 damorris@uic.edu  215 Michael Muller Biological Sciences Liberal Arts and Sciences 3092 SELE 067 mmuller@uic.edu  216 Karin Nelson Biological Sciences Liberal Arts and Sciences 3378 SES 066 knelsonn@uic.edu  217 Peter Okkema Biological Sciences Liberal Arts and Sciences 4052 MBRB 567 okkema@uic.edu  218 Teresa Orenic Biological Sciences Liberal Arts and Sciences 4220 MBRB 567 torenic@uic.edu  219 Thomas Park Biological Sciences Liberal Arts and Sciences 4278 SEL 067 tpark@uic.edu  220 Yury Polikanov Biological Sciences Liberal Arts and Sciences 4170 MBRB 567 yuryp@uic.edu  221 Rachel Poretsky Biological Sciences Liberal Arts and Sciences 4100a SELE 067 microbe@uic.edu  222 Janet Richmond Biological Sciences Liberal Arts and Sciences 4309 SEL 067 jer@uic.edu  223 Ankur Saxena Biological Sciences Liberal Arts and Sciences 4120 MBRB 567 saxenaa@uic.edu  224 David Stone Biological Sciences Liberal Arts and Sciences 3476 SES 066 dstone@uic.edu  225 Katherine Mary Warpeha Biological Sciences Liberal Arts and Sciences 4268 MBRB 567 kwarpeha@uic.edu  226 Leslie Aldrich Chemistry Liberal Arts and Sciences 2230 SELW 111 aldrich@uic.edu  227 Laura Anderson Chemistry Liberal Arts and Sciences 2230 SELE 111 lauralin@uic.edu  228 Jordi Cabana-Jimenez Chemistry Liberal Arts and Sciences 4146 SES 111 jcabana@uic.edu  229 Ginevra Clark Chemistry Liberal Arts and Sciences 205A SES 111 ginevra@uic.edu  230 Stephanie Cologna Chemistry Liberal Arts and Sciences 4500 SES 111 cologna@uic.edu  231 Tom Driver Chemistry Liberal Arts and Sciences 3220 SEL 111 tgd@uic.edu  232 Leslie Fung Chemistry Liberal Arts and Sciences 4444 SES 111 lfung@uic.edu  233 Ying Samuel Hu Chemistry Liberal Arts and Sciences yshu@uic.edu  234 Nan Jiang Chemistry Liberal Arts and Sciences 4500 SES 111 njiang@uic.edu  235 Neal Mankad Chemistry Liberal Arts and Sciences 4178 SES 111 npm@uic.edu  236 Lawrence Miller Chemistry Liberal Arts and Sciences 5205 SES 111 lwm2006@uic.edu  237 Jung-hyun Min Chemistry Liberal Arts and Sciences 2210A SEL 111 jhmin@uic.edu  238 Justin Mohr Chemistry Liberal Arts and Sciences 5124 SES 111 jtmohr@uic.edu  239 Scott Shippy Chemistry Liberal Arts and Sciences 5417 SES 111 sshippy@uic.edu  240 Preston Snee Chemistry Liberal Arts and Sciences 4176 SES 111 sneep@uic.edu  241 Mike Stieff Chemistry Liberal Arts and Sciences 4376 SES 111 mstieff@uic.edu  242 Duncan Wardrop Chemistry Liberal Arts and Sciences 4446 SES 111 wardropd@uic.edu  243 Donald Wink Chemistry Liberal Arts and Sciences 4478 SES 111 dwink@uic.edu  244 Jennifer Tobin Classics Liberal Arts and Sciences 1814 UH 129 jtobin@uic.edu  245 Karen Ros Classics and Mediterranean Studies Liberal Arts and Sciences 1804 UH 129 kros@uic.edu  246 Rebecca Lind Communication Liberal Arts and Sciences 1160A BSB 132 rebecca@uic.edu  247 Zachary McDowell Communication Liberal Arts and Sciences 1159 BSB 132 zjm@uic.edu  248 Zizi Papacharissi Communication Liberal Arts and Sciences 1140A BSB 132 zizi@uic.edu  249 Andrew Rojecki Communication Liberal Arts and Sciences 1152C BSB 132 arojecki@uic.edu  250 Lisa Frohmann Criminology, Law, and Justice Liberal Arts and Sciences 4022A BSB 141 lfrohman@uic.edu  251 Greg Matoesian Criminology, Law, and Justice Liberal Arts and Sciences 4060B BSB 141 matoesia@uic.edu  252 William McCarty Criminology, Law, and Justice Liberal Arts and Sciences 4060A BSB 141 mccartyw@uic.edu  253 Paul Schewe Criminology, Law, and Justice Liberal Arts and Sciences 3040 BSB 285 schewepa@uic.edu  254 Amie Schuck Criminology, Law, and Justice Liberal Arts and Sciences 4022A BSB 141 amms@uic.edu  255 Sarah Ullman Criminology, Law, and Justice Liberal Arts and Sciences 4050B BSB 141 seullman@uic.edu  256 Andrew Dombard Earth and Environmental Sciences Liberal Arts and Sciences 2464 SES 186 adombard@uic.edu  257 D'arcy Meyer-dombard Earth and Environmental Sciences Liberal Arts and Sciences 2474 SES 186 drmd@uic.edu  258 Roy Plotnick Earth and Environmental Sciences Liberal Arts and Sciences 2454 SES 186 plotnick@uic.edu  259 Patrick Baude Economics Liberal Arts and Sciences 709 UH 144 pbaude2@uic.edu  260 Evelyn Lehrer Economics Liberal Arts and Sciences 710 UH 144 elehrer@uic.edu  261 Lawrence Officer Economics Liberal Arts and Sciences 704 UH 144 lofficer@uic.edu  262 Richard Peck Economics Liberal Arts and Sciences 726 UH 144 rmpeck@uic.edu  263 Joseph Persky Economics Liberal Arts and Sciences 711 UH 144 jpersky@uic.edu  264 Helen Roberts Economics Liberal Arts and Sciences 721 UH 144 hroberts@uic.edu  265 Jennifer Ashton English Liberal Arts and Sciences 1912 UH 162 jashton@uic.edu  266 Lauren Bell English Liberal Arts and Sciences 1900 UH 162 ldejbel@uic.edu  267 Mark Canuel English Liberal Arts and Sciences 1910 UH 162 mcanuel@uic.edu  268 Marsha Cassidy English Liberal Arts and Sciences 1920 UH 162 mcassidy@uic.edu  269 Mark Chiang English Liberal Arts and Sciences 1020 UH 231 mchiang@uic.edu  270 Nancy Cirillo English Liberal Arts and Sciences 1923 UH 162 nancyc@uic.edu  271 Ainsworth Clarke English Liberal Arts and Sciences 1205 UH 069 ac57@uic.edu  272 Todd Destigter English Liberal Arts and Sciences 1902 UH 162 tdestig@uic.edu  273 Christopher Glomski English Liberal Arts and Sciences 1823 UH 162 vivo@uic.edu  274 Robin Grey English Liberal Arts and Sciences 1925UH 162 rgrey@uic.edu  275 Rachel Havrelock English Liberal Arts and Sciences 1909 UH 162 raheleh@uic.edu  276 Jeffrey Kessler English Liberal Arts and Sciences 2011 UH 162 jckessle@uic.edu  277 Nicole Khoury English Liberal Arts and Sciences 1815 UH 162 nkhoury@uic.edu  278 Anna Kornbluh English Liberal Arts and Sciences 2015 UH 162 kornbluh@uic.edu  279 Christian Messenger English Liberal Arts and Sciences 1920 UH 162 chrism1@uic.edu  280 Jennifer Rupert English Liberal Arts and Sciences 2026 UH 162 jruper1@uic.edu  281 David Schaafsma English Liberal Arts and Sciences 1904UH 162 schaaf1@uic.edu  282 John Ireland French & Francophone Studies Liberal Arts and Sciences 1611 UH 315 jireland@uic.edu  283 Ellen McClure French & Francophone Studies Liberal Arts and Sciences 1613 UH 315 ellenmc@uic.edu  284 Kishonna Gray Gender and Women Studies Liberal Arts and Sciences 1222 UH 360 unicorn@uic.edu  285 Gayatri Reddy Gender and Women's Studies Liberal Arts and Sciences 1226 UH 360 gayatri@uic.edu  286 Sara Hall Germanic Studies Liberal Arts and Sciences 1506 UH 189 sahall@uic.edu  287 Elizabeth Loentz Germanic Studies Liberal Arts and Sciences 1530 UH 189 loentz@uic.edu  288 Anna Guevarra Global Asian Studies Liberal Arts and Sciences 1030 UH 231 guevarra@uic.edu  289 Michael Jin Global Asian Studies Liberal Arts and Sciences 1012 UH 231 mrjin@uic.edu  290 Rosilie Hernandez-Pecoraro Hispanic and Italian Studies Liberal Arts and Sciences 1610 UH 315 rosieher@uic.edu  291 Kara Morgan-Short Hispanic and Italian Studies Liberal Arts and Sciences 1706 UH 315 karams@uic.edu  292 Dianna Niebylski Hispanic and Italian Studies Liberal Arts and Sciences 1609 UH 315 dcn@uic.edu  293 John Abbott History Liberal Arts and Sciences 1014 UH 198 jabbot1@uic.edu  294 Christopher Boyer History Liberal Arts and Sciences 901 UH 198 crboyer@uic.edu  295 Joaquin Chavez History Liberal Arts and Sciences 1017 UH 198 chavezj1@uic.edu  296 Jonathan Daly History Liberal Arts and Sciences 1019 UH 198 daly@uic.edu  297 Nicole Jordan History Liberal Arts and Sciences 1005 UH 198 njordan@uic.edu  298 Ralph Keen History Liberal Arts and Sciences 925 UH 198 rkeen01@uic.edu  299 Junaid Quadri History Liberal Arts and Sciences 925 UH 198 jquadri@uic.edu  300 Keely Stauter-halsted History Liberal Arts and Sciences 913 UH 198 stauterh@uic.edu  301 Xochitl Bada Latin American and Latino Studies Liberal Arts and Sciences 1519 UH 219 xbada@uic.edu  302 Amalia Pallares Latin American and Latino Studies Liberal Arts and Sciences 1525 UH 219 amalia@uic.edu  303 Ben Antieau Math Statistics and Computer Science Liberal Arts and Sciences 419 SEO 249 dantie1@uic.edu  304 Jerry Bona Mathematics, Statistics, & Computer Science Liberal Arts and Sciences 1206 SEO 249 jbona@uic.edu  305 Alison Castro Superfine Mathematics, Statistics, & Computer Science Liberal Arts and Sciences 327 SEO 249 amcastro@uic.edu  306 Alina Cojocaru Mathematics, Statistics, & Computer Science Liberal Arts and Sciences 415 SEO 249 cojocaru@uic.edu  307 Izzet Coskun Mathematics, Statistics, & Computer Science Liberal Arts and Sciences 423 SEO 249 icoskun@uic.edu  308 Samad Hedayat Mathematics, Statistics, & Computer Science Liberal Arts and Sciences 525 SEO 249 hedayat@uic.edu  309 David Marker Mathematics, Statistics, & Computer Science Liberal Arts and Sciences 411 SEO 249 marker@uic.edu  310 Mara Martinez Mathematics, Statistics, & Computer Science Liberal Arts and Sciences 610 SEO 249 martinez@math.uic.edu  311 Julius Ross Mathematics, Statistics, & Computer Science Liberal Arts and Sciences 512 SEO 249 juliusro@uic.edu  312 Bhama Srinivasan Mathematics, Statistics, & Computer Science Liberal Arts and Sciences 531 SEO 249 srinivas@uic.edu  313 Ramin Takloo-Bighash Mathematics, Statistics, & Computer Science Liberal Arts and Sciences 420 SEO 249 rtakloo@uic.edu  314 Kevin Tucker Mathematics, Statistics, & Computer Science Liberal Arts and Sciences 417 SEO 249 kftucker@uic.edu  315 Jing Wang Mathematics, Statistics, & Computer Science Liberal Arts and Sciences 523 SEO 249 jiwang12@uic.edu  316 Nicholas Huggett Philosophy Liberal Arts and Sciences 1413 UH 267 huggett@uic.edu  317 Georgette Sinkler Philosophy Liberal Arts and Sciences 1409 UH 267 egalite@uic.edu  318 Richard Cavanaugh Physics Liberal Arts and Sciences 2268 SES 273 cavana@uic.edu  319 Cecilia Gerber Physics Liberal Arts and Sciences 2270 SES 273 gerber@uic.edu  320 Robert Klie Physics Liberal Arts and Sciences 2374 SES 273 rfklie@uic.edu  321 Elizabeth Kocs Physics Liberal Arts and Sciences 2352 SES 273 ekocs@uic.edu  322 Claudio Ugalde Physics Liberal Arts and Sciences 2176 SES 273 cugalde@uic.edu  323 Nikos Varelas Physics Liberal Arts and Sciences 2134 SES 273 varelas@uic.edu  324 Robert Bruhl Political Science Liberal Arts and Sciences 1114C BSB 276 rbruhl1@uic.edu  325 Alexandra Filindra Political Science Liberal Arts and Sciences 1108D BSB 276 aleka@uic.edu  326 Katharine Floros Political Science Liberal Arts and Sciences 1170B BSB 276 kmfloros@uic.edu  327 Petia Kostadinova Political Science Liberal Arts and Sciences 1136 BSB 276 pkostad@uic.edu  328 Kevin Lyles Political Science Liberal Arts and Sciences 1102A BSB 276 lyles@uic.edu  329 Evan McKenzie Political Science Liberal Arts and Sciences 1122D BSB 276 mckenzie@uic.edu  330 Norma Moruzzi Political Science Liberal Arts and Sciences 1122A BSB 276 nmoruzzi@uic.edu  331 Dick Simpson Political Science Liberal Arts and Sciences 1126C BSB 276 simpson@uic.edu  332 Sultan Tepe Political Science Liberal Arts and Sciences 1114-A BSB 276 sultant@uic.edu  333 Yue Zhang Political Science Liberal Arts and Sciences 1134 BSB 276 yuezhang@uic.edu  334 Bette Bottoms Psychology Liberal Arts and Sciences 1062C BSB 285 bbottoms@uic.edu  335 Daniel Cervone Psychology Liberal Arts and Sciences 1008 BSB 285 dcervone@uic.edu  336 Kathryn Engel Psychology Liberal Arts and Sciences 1018A BSB 285 engel@uic.edu  337 Susan Goldman Psychology Liberal Arts and Sciences 1022C BSB 285 sgoldman@uic.edu  338 Ellen Herbener Psychology Liberal Arts and Sciences 1046 BSB herbener@uic.edu  339 Jon Kassel Psychology Liberal Arts and Sciences 1009 BSB 285 jkassel@uic.edu  340 Matt Motyl Psychology Liberal Arts and Sciences 1062D BSB 285 motyl@uic.edu  341 James Pellegrino Psychology Liberal Arts and Sciences 1018B BSB 285 pellegjw@uic.edu  342 Michael Ragozzino Psychology Liberal Arts and Sciences 1066B BSB 285 mrago@uic.edu  343 Gary Raney Psychology Liberal Arts and Sciences 1046B BSB 285 geraney@uic.edu  344 Karina Reyes Psychology Liberal Arts and Sciences 1050D BSB 285 kreyes@uic.edu  345 Jamie Roitman Psychology Liberal Arts and Sciences 1042A BSB 285 jroitman@uic.edu  346 Mitchell Roitman Psychology Liberal Arts and Sciences 1042C SSB 285 mroitman@uic.edu  347 Amanda Roy Psychology Liberal Arts and Sciences 1066 BSB 285 alroy28@uic.edu  348 Roger Weissberg Psychology Liberal Arts and Sciences 1008A BSB 285 rpw@uic.edu  349 Jennifer Wiley Psychology Liberal Arts and Sciences 1054B BSB 285 jwiley@uic.edu  350 R. David Wirtshafter Psychology Liberal Arts and Sciences 2010 BSB 285 davew@uic.edu  351 Katherine Zinsser Psychology Liberal Arts and Sciences BSB 1050D 285 kzinsser@uic.edu  352 Michal Pawel Markowski Slavic & Baltic Languages & Literatures Liberal Arts and Sciences 1630 UH 036 markowsk@uic.edu  353 Amy Bailey Sociology Liberal Arts and Sciences 4140D BSB 312 akbailey@uic.edu  354 Richard Barrett Sociology Liberal Arts and Sciences 4126D BSB 708 barrett@uic.edu  355 Andrew Clarno Sociology Liberal Arts and Sciences 4125 BSB 312 aclarno@uic.edu  356 Rachel Gordon Sociology Liberal Arts and Sciences 4140A BSB 312 ragordon@uic.edu  357 Maria Krysan Sociology Liberal Arts and Sciences 4112E BSB 312 krysan@uic.edu  358 Paul-Brian McInerney Sociology Liberal Arts and Sciences 4140B BSB 312 pbm@uic.edu  359 Barbara Risman Sociology Liberal Arts and Sciences 4112E BSB 312 brisman@uic.edu  360 Atef Said Sociology Liberal Arts and Sciences 4146A BSB 312 atefsaid@uic.edu  361 Anne Armstrong Library Library 2-171 LIB 234 annie@uic.edu  362 Ananya Gangopadhyaya Academic Internal Medicine Medicine 718 agango1@uic.edu  363 Asra Khan Academic Internal Medicine Medicine 449 CSN 718 arkhan@uic.edu  364 John Tulley Academic Internal Medicine Medicine 440 CSN 718 jetulley@uic.edu  365 Annette Zacharia Academic Internal Medicine Medicine Internal Med 718 azachar1@UIC.EDU  366 Simon Alford Anatomy and Cell Biology Medicine 578 CMET 215 sta@uic.edu  367 Ernesto Bongarzone Anatomy and Cell Biology Medicine 7093 COMRB 512 ebongarz@uic.edu  368 Mary Jo LaDu Anatomy and Cell Biology Medicine 7091 COMRB 512 mladu@uic.edu  369 Orly Lazarov Anatomy and Cell Biology Medicine 7053 COMRB 512 olazarov@uic.edu  370 Sarah Lutz Anatomy and Cell Biology Medicine 1113 COMRB 512 selutz@uic.edu  371 Anna Lysakowski Anatomy and Cell Biology Medicine 6055 COMRB 512 alysakow@uic.edu  372 Leon Tai Anatomy and Cell Biology Medicine 567B CMET 512 leontai@uic.edu  373 Akira Yoshii Anatomy and Cell Biology Medicine 5061 COMRB 512 ayoshii@uic.edu  374 Randal Dull Anesthesiology Medicine 3200W UIH 515 rdull@uic.edu  375 Barbara Jericho Anesthesiology Medicine 3200W UICH 515 jericho@uic.edu  376 Biji Mathew Anesthesiology Medicine E717 MSB bijim@uic.edu  377 Steven Roth Anesthesiology Medicine 3200W UIH 515 rothgas@uic.edu  378 Donald Chambers Biochemistry and Molecular Genetics Medicine A309 CMW 536 donc@uic.edu  379 George Kondos Cardiology Medicine 1020 CSB 787 gtkondos@uic.edu  380 Noreen Nazir Cardiology Medicine 920S CSB 715 nnazir@uic.edu  381 Jose Cordoba-Chacon Endocrinology, Diabetes and Metabolism Medicine E625 MSB 640 jcordoba@uic.edu  382 Terry Unterman Endocrinology, Diabetes and Metabolism Medicine A224 WSVA-MP151 787 unterman@uic.edu  383 Memoona Hasnain Family Medicine Medicine 151 AHSB 663 memoona@uic.edu  384 Augustine Sohn Family Medicine Medicine 186C HHDSB 663 ajsohn@uic.edu  385 Alip Borthakur Gastroenterology and Hepatology Medicine 738 CSB 713 alipb@uic.edu  386 Lisa Tussing-Humphreys Health Promotion Research Medicine 416 WRB 275 ltussing@uic.edu  387 Robert Molokie Hematology/Oncology Medicine 172 CSN 712 remoloki@uic.edu  388 Jorge Girotti Medical Education Medicine 990 CMET 591 jorgeg@uic.edu  389 Laura Hirshfield Medical Education Medicine 986 CMET 591 lhirshf@uic.edu  390 Timothy Murphy Medical Education Medicine 964 CMET 591 tmurphy@uic.edu  391 Leslie Sandlow Medical Education Medicine 974 CMET 591 ljs@uic.edu  392 Alan Schwartz Medical Education Medicine 976 CMET 591 alansz@uic.edu  393 Sandra Sufian Medical Education Medicine 980 CME 591 sufians@uic.edu  394 William Chamberlin Medicine Medicine 207 MCA 904 whchambe@uic.edu  395 Christopher Janson Neurology and Rehabilitation Medicine Medicine 174N NPI 796 cjanson@uic.edu  396 Rajul Kothari Obstetrics and Gynecology Medicine 216 CSB 808 rkotha1@uic.edu  397 Vinay Aakalu Ophthalmology and Visual Science Medicine 1855 W. Taylor 648 vaakalu@uic.edu  398 Dingcai Cao Ophthalmology and Visual Science Medicine 1855 W Taylor 158 dcao98@uic.edu  399 Andrius Kazlauskas Ophthalmology and Visual Science Medicine 3.138 EEI 648 ak20@uic.edu  400 Timothy McMahon Ophthalmology and Visual Science Medicine EEI Room 3.154 648 timomcma@uic.edu  401 H Steven Sims Otolaryngology Medicine 2.42 EEI 648 hssims@uic.edu  402 Jonathan Klein Pediatrics Medicine 1801 W Taylor jonklein@uic.edu  403 De-Ann Pillers Pediatrics Medicine 1257 CSB 856 pillersd@uic.edu  404 Reshma Shah Pediatrics Medicine 1206 CSB 856 reshmamd@uic.edu  405 Saul Weiner Pediatrics Medicine 2732 UH 103 sweiner@uic.edu  406 Guofei Zhou Pediatrics Medicine 7131 CSB 856 guofei@uic.edu  407 Chong Wee Liew Physiology & Biophysics Medicine 2099 COMRB 901 cwliew@uic.edu  408 Alexandra Naba Physiology & Biophysics Medicine 2035 COMRB 901 anaba@uic.edu  409 Mrinalini Rao Physiology & Biophysics Medicine 2093 COMRB 901 meenarao@uic.edu  410 Brenda Russell Physiology & Biophysics Medicine 2091 COMRB 901 russell@uic.edu  411 Toya Clay Psychiatry Medicine 155 WROB 747 toyaclay@uic.edu  412 Erbo Dong Psychiatry Medicine 256 PI 912 erbodong@uic.edu  413 David Gavin Psychiatry Medicine 3270 MBRB 669 dgavin1@uic.edu  414 Alessandro Guidotti Psychiatry Medicine 256A PI 912 aguidott@uic.edu  415 Pauline Maki Psychiatry Medicine 328 NPI 913 pmaki1@uic.edu  416 Roberta Paikoff Holzmueller Psychiatry Medicine 135 IJR 747 birdy@uic.edu  417 Amynah Pradhan Psychiatry Medicine 464 SPHPI 912 pradhan4@uic.edu  418 Neil Smalheiser Psychiatry Medicine 525 PI 912 neils@uic.edu  419 Valentin Prieto-Centurion Pulmonary and Critical Care Medicine 719 vprieto@uic.edu  420 Patrick Belvitch Pulmonary, Critical Care, Sleep and Allergy Medicine 3135 COMRB 719 pbelvitc@uic.edu  421 Irena Levitan Pulmonary, Critical Care, Sleep and Allergy Medicine 3097 COMRB 719 levitan@uic.edu  422 Kirstie Danielson Surgery Medicine 520 CSB 958 kdaniel@uic.edu  423 Lisa Anderson-shaw Administrative Studies in Nursing Nursing 1303 NURS 802 lkas@uic.edu  424 Michael Calik Biobehavioral Health Science Nursing 740 NURS 804 mcalik@uic.edu  425 Holli DeVon Biobehavioral Health Science Nursing 748 NURS 802 hdevon1@uic.edu  426 Lauren Diegel-Vacek Biobehavioral Health Science Nursing 760 NURS 802 ljvacek@uic.edu  427 Carol Ferrans Biobehavioral Health Science Nursing 606 NURS 802 cferrans@uic.edu  428 Anne Fink Biobehavioral Health Science Nursing 752 NURS 802 afink2@uic.edu  429 Cynthia Fritschi Biobehavioral Health Science Nursing 646 NURS 802 fritschi@uic.edu  430 Bilgay Izci Balserak Biobehavioral Health Science Nursing 638 NURS 802 bilgay@uic.edu  431 Pamela Martyn-Nemeth Biobehavioral Health Science Nursing 720 NURS 802 pmartyn@uic.edu  432 Lauretta Quinn Biobehavioral Health Science Nursing 724 NURS 802 lquinn1@uic.edu  433 Catherine Ryan Biobehavioral Health Science Nursing 744 NURS 802 cryan4@uic.edu  434 Colleen Corte Health Systems Science Nursing 938 NURS 802 ccorte@uic.edu  435 Kamal Eldeirawi Health Systems Science Nursing 1054 NURS 802 keldei1@uic.edu  436 Lorna Finnegan Health Systems Science Nursing 906 NURS 802 lornaf@uic.edu  437 Geraldine Gorman Health Systems Science Nursing 1058 NURS 802 ggorman@uic.edu  438 Patricia Hershberger Health Systems Science Nursing 1044 NURS 802 phersh@uic.edu  439 Saria Lofton Health Systems Science Nursing 1038 NURS 802 slofto4@uic.edu  440 Gwyneth Milbrath Health Systems Science Nursing 948 NURS 802 gwyneth@uic.edu  441 Shannon Zenk Health Systems Science Nursing 960 NURS 802 szenk@uic.edu  442 Krista Jones Regional Nursing Program Nursing URBANA 313 kjones29@uic.edu  443 Teresa Krassa Regional Nursing Program Nursing URBANA 313 tjkrassa@uic.edu  444 Pamela Gampetro Women, Child, and Family Health Science Nursing 844 NURS 802 gampetro@uic.edu  445 Sarah Abboud Women, Children, and Family Health Science Nursing 816 NURS 802 abbouds@uic.edu  446 Mary Dawn Koenig Women, Children, and Family Health Science Nursing 814 NURS 802 marydh@uic.edu  447 Mulubrhan Mogos Women, Children, and Family Health Science Nursing 860 NURS 802 mmogos@uic.edu  448 Crystal Patil Women, Children, and Family Health Science Nursing 848 NURS 802 cpatil@uic.edu  449 Em Rabelais Women, Children, and Family Health Science Nursing 620 NURS 802 rabelais@uic.edu  450 Julienne Rutherford Women, Children, and Family Health Science Nursing 822 NURS 802 ruther4d@uic.edu  451 Susan Vonderheid Women, Children, and Family Health Science Nursing 843 NURS 802 vonde@uic.edu  452 Jeannie Van Schyndel Pre-Nursing Nursing (Springfield Campus) Springfield jvanschy@uic.edu  453 Charu Thakral Office of the Vice Provost for Diversity Office of the Vice Provost for Diversity 2620 UH 747 charuth1@uic.edu  454 Richard Gemeinhart Biopharmaceutical Sciences Pharmacy 357 PHARM 865 rag@uic.edu  455 Hayat Onyuksel Biopharmaceutical Sciences Pharmacy 358 PHARM 865 hayat@uic.edu  456 Z. Jim Wang Biopharmaceutical Sciences Pharmacy 3320 MBRB 865 zjwang@uic.edu  457 Ashley Hall Forensic Science Pharmacy 456A PHARM 865 amhall7@uic.edu  458 Karl Larsen Forensic Science Pharmacy 452 PHARM 865 larsena@uic.edu  459 Joanna Burdette Medicinal Chemistry and Pharmacognosy Pharmacy 3202 MBRB 781 joannab@uic.edu  460 Chun-Tao Che Medicinal Chemistry and Pharmacognosy Pharmacy 323 PHARM 781 chect@uic.edu  461 Stephen DiMagno Medicinal Chemistry and Pharmacognosy Pharmacy 597 PHARM 781 sdimagno@uic.edu  462 Alessandra Eustaquio Medicinal Chemistry and Pharmacognosy Pharmacy 4352 MBRB 870 ase@uic.edu  463 Yu (Tom) Gao Medicinal Chemistry and Pharmacognosy Pharmacy 505 PHARM 781 yugao@uic.edu  464 Alexander Mankin Medicinal Chemistry and Pharmacognosy Pharmacy 3052 MBRB 870 shura@uic.edu  465 Terry Moore Medicinal Chemistry and Pharmacognosy Pharmacy 504 PHARM 781 twmoore@uic.edu  466 Brian Murphy Medicinal Chemistry and Pharmacognosy Pharmacy 3120 MBRB 781 btmurphy@uic.edu  467 Andrew Riley Medicinal Chemistry and Pharmacognosy Pharmacy 505 PHARM 781 apriley@uic.edu  468 Laura Sanchez Medicinal Chemistry and Pharmacognosy Pharmacy 321 PHARM 781 sanchelm@uic.edu  469 Juliana Chan Pharmacy Practice Pharmacy 164 CSB 886 jchan@uic.edu  470 Gail Mahady Pharmacy Practice Pharmacy 122 PHARM 886 mahady@uic.edu  471 Frank Paloucek Pharmacy Practice Pharmacy 16 PHARM 886 paloucek@uic.edu  472 Clara Awe Pharmacy Systems, Outcomes and Policy Pharmacy 176 PHARM 874 awe@uic.edu  473 Gregory Calip Pharmacy Systems, Outcomes and Policy Pharmacy 287C PHARM 871 gcalip@uic.edu  474 Stephanie Crawford Pharmacy Systems, Outcomes and Policy Pharmacy 258 PHARM 871 crawford@uic.edu  475 A. Simon Pickard Pharmacy Systems, Outcomes and Policy Pharmacy 254 PHARM 871 pickard1@uic.edu  476 Karen Peters Community Health Sciences Public Health 678B SPHPI 923 kpeters@uic.edu  477 An Li Environmental and Occupational Health Sciences Public Health 304 SPHW 922 anli@uic.edu  478 Wayne Giles Epidemiology and Biostatistics Public Health 1175 SPHPI 923 wgiles@uic.edu  479 Ronald Hershow Epidemiology and Biostatistics Public Health 971 SPHPI 923 rchersho@uic.edu  480 William Kling Health Policy and Administration Public Health 749 SPHPI 923 wkling@uic.edu  481 Karin Opacich Public Health Public Health 1182 SPHPI 923 kopacich@uic.edu  482 David Greenstein Special Collections and University Archives Richard J. Daley Library 3-330 LIB 234 greenstn@uic.edu  483 Faith Bonecutter Social Work Social Work 4034 ECSW 309 faithjb@uic.edu  484 Barbara Coats Social Work Social Work 4131 ETMSW 309 bc1972@uic.edu  485 Christopher Mitchell Social Work Social Work 4022 ETMSW 309 cgm@uic.edu  486 Amy Watson Social Work Social Work 4242 EPSAW 309 acwatson@uic.edu  487 Rebecca Hendrick Public Administration Urban Planning and Public Affairs 134 CUPPAH 278 hendrick@uic.edu  488 Kelly LeRoux Public Administration Urban Planning and Public Affairs 135 CUPPAH 278 kleroux@uic.edu  489 Kheir Al-Kodmany Urban Planning and Policy Urban Planning and Public Affairs 237 CUPPAH 348 kheir@uic.edu  490 Phil Ashton Urban Planning and Policy Urban Planning and Public Affairs 217 CUPPAH 348 pashton@uic.edu  491 Kate Lowe Urban Planning and Policy Urban Planning and Public Affairs 238 CUPPA Hall 348 katelowe@uic.edu  492 Brenda Parker Urban Planning and Policy Urban Planning and Public Affairs 242 CUPPA 348 bkparker@uic.edu  493 David Perry Urban Planning and Policy Urban Planning and Public Affairs 211 CUPPA 348 dperry@uic.edu  494 Sanjeev Vidyarthi Urban Planning and Policy Urban Planning and Public Affairs 219 CUPPAH 248 svidy@uic.edu 